Id,ASIN,ItemPicture,ItemPicture
2764,B00HNIB6IM,http://ecx.images-amazon.com/images/I/51Gv9KN2FRL.jpg,http://ecx.images-amazon.com/images/I/51ZNV7W1TaL.jpg
4837,B00HNIB6IM,http://ecx.images-amazon.com/images/I/51Gv9KN2FRL.jpg,http://ecx.images-amazon.com/images/I/51ZNV7W1TaL.jpg
2780,B00ABSHWI4,http://ecx.images-amazon.com/images/I/61hSpFKK%2BEL.jpg,http://ecx.images-amazon.com/images/I/611I3ZdL5wL.jpg
2810,B00HUTCE6M,http://ecx.images-amazon.com/images/I/410hltlOuqL.jpg,http://ecx.images-amazon.com/images/I/41ds-aULHwL.jpg
2813,B00IZBI2I8,http://ecx.images-amazon.com/images/I/51bl%2B0uzkHL.jpg,http://ecx.images-amazon.com/images/I/41dv7C%2BsGNL.jpg
2883,B00MOEE8PI,http://ecx.images-amazon.com/images/I/51d5s8SX1JL.jpg,http://ecx.images-amazon.com/images/I/41qk9ogzyfL.jpg
2884,B00MOEE8NU,http://ecx.images-amazon.com/images/I/511eps-kvDL.jpg,http://ecx.images-amazon.com/images/I/51ihBjDRsjL.jpg
2898,B00HWGTQFA,http://ecx.images-amazon.com/images/I/51GMr99s%2BiL.jpg,http://ecx.images-amazon.com/images/I/51nN0xoWrQL.jpg
2906,B00F5MU5BC,http://ecx.images-amazon.com/images/I/51t4GUWp9DL.jpg,http://ecx.images-amazon.com/images/I/51TNOmLOcBL.jpg
2927,B00HNIA89K,http://ecx.images-amazon.com/images/I/51BeWKHCrGL.jpg,http://ecx.images-amazon.com/images/I/41os5tLU7JL.jpg
2928,B00GFG1PW0,http://ecx.images-amazon.com/images/I/41qQAxpgFVL.jpg,http://ecx.images-amazon.com/images/I/41xqYguZ8IL.jpg
2929,B00GFG1QZQ,http://ecx.images-amazon.com/images/I/41qQAxpgFVL.jpg,http://ecx.images-amazon.com/images/I/41xqYguZ8IL.jpg
2930,B00GFG1R4Q,http://ecx.images-amazon.com/images/I/41qQAxpgFVL.jpg,http://ecx.images-amazon.com/images/I/41xqYguZ8IL.jpg
3004,B00B7CZQ4A,http://ecx.images-amazon.com/images/I/5126UZCHznL.jpg,http://ecx.images-amazon.com/images/I/51NHE1QWEcL.jpg
3005,B00B7CZQCM,http://ecx.images-amazon.com/images/I/5126UZCHznL.jpg,http://ecx.images-amazon.com/images/I/51enDCmupeL.jpg
3015,B005OIVFWK,http://ecx.images-amazon.com/images/I/519wrAfxjIL.jpg,http://ecx.images-amazon.com/images/I/41ZgL3bEzrL.jpg
3131,B00IXXF0BU,http://ecx.images-amazon.com/images/I/41JQM4LtiPL.jpg,http://ecx.images-amazon.com/images/I/51f14poYn8L.jpg
3246,B00GGESEE8,http://ecx.images-amazon.com/images/I/41VLxA-IuWL.jpg,http://ecx.images-amazon.com/images/I/51aw4L3438L.jpg
5364,B00GGESEE8,http://ecx.images-amazon.com/images/I/41VLxA-IuWL.jpg,http://ecx.images-amazon.com/images/I/51aw4L3438L.jpg
3247,B00GGESGDW,http://ecx.images-amazon.com/images/I/51aw4L3438L.jpg,http://ecx.images-amazon.com/images/I/41VLxA-IuWL.jpg
5365,B00GGESGDW,http://ecx.images-amazon.com/images/I/51aw4L3438L.jpg,http://ecx.images-amazon.com/images/I/41VLxA-IuWL.jpg
3248,B00GGESGEG,http://ecx.images-amazon.com/images/I/51aw4L3438L.jpg,http://ecx.images-amazon.com/images/I/41VLxA-IuWL.jpg
5366,B00GGESGEG,http://ecx.images-amazon.com/images/I/51aw4L3438L.jpg,http://ecx.images-amazon.com/images/I/41VLxA-IuWL.jpg
3300,B00M4L8DJI,http://ecx.images-amazon.com/images/I/513MRdUVmrL.jpg,http://ecx.images-amazon.com/images/I/51qfxkxZN%2BL.jpg
3824,B00M4L8DJI,http://ecx.images-amazon.com/images/I/513MRdUVmrL.jpg,http://ecx.images-amazon.com/images/I/51qfxkxZN%2BL.jpg
3344,B00E17GM3M,http://ecx.images-amazon.com/images/I/51U7s0ZuNQL.jpg,http://ecx.images-amazon.com/images/I/51WLtVTRbcL.jpg
3354,B00FBRCRD0,http://ecx.images-amazon.com/images/I/41ODQahTSXL.jpg,http://ecx.images-amazon.com/images/I/51WckNhp9xL.jpg
3358,B00HUTBTPO,http://ecx.images-amazon.com/images/I/51r0Gnwq4UL.jpg,http://ecx.images-amazon.com/images/I/51Swkt0SkbL.jpg
3401,B001KTVIJC,http://ecx.images-amazon.com/images/I/51ZIcASD-WL.jpg,http://ecx.images-amazon.com/images/I/41IxYdPiMdL.jpg
5272,B001KTVIJC,http://ecx.images-amazon.com/images/I/51ZIcASD-WL.jpg,http://ecx.images-amazon.com/images/I/41IxYdPiMdL.jpg
3424,B003FO3E38,http://ecx.images-amazon.com/images/I/41S%2BLtKjbOL.jpg,http://ecx.images-amazon.com/images/I/51KGa%2B5GoSL.jpg
3596,B001KTRIL4,http://ecx.images-amazon.com/images/I/51ZIcASD-WL.jpg,http://ecx.images-amazon.com/images/I/41IxYdPiMdL.jpg
5271,B001KTRIL4,http://ecx.images-amazon.com/images/I/51ZIcASD-WL.jpg,http://ecx.images-amazon.com/images/I/41IxYdPiMdL.jpg
3619,B00NEQ4I64,http://ecx.images-amazon.com/images/I/51IhvStd21L.jpg,http://ecx.images-amazon.com/images/I/51DSvnxJTiL.jpg
3645,B00N65KQ8M,http://ecx.images-amazon.com/images/I/518P6WwIEiL.jpg,http://ecx.images-amazon.com/images/I/51b5%2BFvuBIL.jpg
3684,B00IOKKHU6,http://ecx.images-amazon.com/images/I/5190WsaqouL.jpg,http://ecx.images-amazon.com/images/I/51Krd%2BaWUOL.jpg
3685,B00IOKKJ40,http://ecx.images-amazon.com/images/I/5190WsaqouL.jpg,http://ecx.images-amazon.com/images/I/51D7QfJFqPL.jpg
3686,B00IOKKKE4,http://ecx.images-amazon.com/images/I/5190WsaqouL.jpg,http://ecx.images-amazon.com/images/I/51Krd%2BaWUOL.jpg
3694,B00N966WLS,http://ecx.images-amazon.com/images/I/51BlcHQOwoL.jpg,http://ecx.images-amazon.com/images/I/51hs5jGQhJL.jpg
3746,B00NBI8OIS,http://ecx.images-amazon.com/images/I/41C4RXJXKYL.jpg,http://ecx.images-amazon.com/images/I/41evIb0yaAL.jpg
3782,B00LFWC6ZY,http://ecx.images-amazon.com/images/I/51Hv%2B88yZSL.jpg,http://ecx.images-amazon.com/images/I/61Znx9BdvJL.jpg
3867,B00LVSAAL4,http://ecx.images-amazon.com/images/I/51dQam-uRAL.jpg,http://ecx.images-amazon.com/images/I/517LQIdc-0L.jpg
3922,B00JHFBVDY,http://ecx.images-amazon.com/images/I/51wY60wlLoL.jpg,http://ecx.images-amazon.com/images/I/51YPySCFihL.jpg
11635,B00JHFBVDY,http://ecx.images-amazon.com/images/I/51wY60wlLoL.jpg,http://ecx.images-amazon.com/images/I/51YPySCFihL.jpg
3938,B00K5KPLAO,http://ecx.images-amazon.com/images/I/51q-Jd%2BG5eL.jpg,http://ecx.images-amazon.com/images/I/51TCMJ7sAzL.jpg
3939,B00JHFAFVI,http://ecx.images-amazon.com/images/I/518PFLdT8nL.jpg,http://ecx.images-amazon.com/images/I/51IVgm0FqIL.jpg
5171,B00JHFAFVI,http://ecx.images-amazon.com/images/I/518PFLdT8nL.jpg,http://ecx.images-amazon.com/images/I/51IVgm0FqIL.jpg
3955,B00NG1FWBW,http://ecx.images-amazon.com/images/I/418u6EIxpXL.jpg,http://ecx.images-amazon.com/images/I/41U8mRjxnkL.jpg
3966,B00KDC77E2,http://ecx.images-amazon.com/images/I/51oW0Ch8cYL.jpg,http://ecx.images-amazon.com/images/I/41ngWTENqlL.jpg
4719,B00KDC77E2,http://ecx.images-amazon.com/images/I/51oW0Ch8cYL.jpg,http://ecx.images-amazon.com/images/I/41ngWTENqlL.jpg
5225,B00KDC77E2,http://ecx.images-amazon.com/images/I/51oW0Ch8cYL.jpg,http://ecx.images-amazon.com/images/I/41ngWTENqlL.jpg
3968,B00KGE524O,http://ecx.images-amazon.com/images/I/51oW0Ch8cYL.jpg,http://ecx.images-amazon.com/images/I/41rBG9p7uSL.jpg
4839,B00KGE524O,http://ecx.images-amazon.com/images/I/51oW0Ch8cYL.jpg,http://ecx.images-amazon.com/images/I/41rBG9p7uSL.jpg
3969,B00KDC77GA,http://ecx.images-amazon.com/images/I/51oW0Ch8cYL.jpg,http://ecx.images-amazon.com/images/I/41ngWTENqlL.jpg
4722,B00KDC77GA,http://ecx.images-amazon.com/images/I/51oW0Ch8cYL.jpg,http://ecx.images-amazon.com/images/I/41ngWTENqlL.jpg
5228,B00KDC77GA,http://ecx.images-amazon.com/images/I/51oW0Ch8cYL.jpg,http://ecx.images-amazon.com/images/I/41ngWTENqlL.jpg
4030,B00MPO4YI8,http://ecx.images-amazon.com/images/I/51MT03kJR0L.jpg,http://ecx.images-amazon.com/images/I/51c-XfevenL.jpg
4052,B00MU8A6UO,http://ecx.images-amazon.com/images/I/51nYGVQxczL.jpg,http://ecx.images-amazon.com/images/I/51GsTNjIUzL.jpg
4067,B00LC9VIK4,http://ecx.images-amazon.com/images/I/41S34lKwqzL.jpg,http://ecx.images-amazon.com/images/I/51U3vtKerkL.jpg
4068,B00LC9W858,http://ecx.images-amazon.com/images/I/51X8XOg-f-L.jpg,http://ecx.images-amazon.com/images/I/51U3vtKerkL.jpg
4091,B00QZYRNS2,http://ecx.images-amazon.com/images/I/519WOx9O1HL.jpg,http://ecx.images-amazon.com/images/I/51pmUnUhFkL.jpg
4102,B00R0IGELY,http://ecx.images-amazon.com/images/I/51XTv73Z0fL.jpg,http://ecx.images-amazon.com/images/I/510vYJFE3vL.jpg
4118,B00M9JXWRS,http://ecx.images-amazon.com/images/I/41W-LGi4w8L.jpg,http://ecx.images-amazon.com/images/I/51dqas6t0ML.jpg
4192,B00PMBHV0O,http://ecx.images-amazon.com/images/I/51lOJfIzOML.jpg,http://ecx.images-amazon.com/images/I/51Sd9YVeauL.jpg
4231,B00FPRNB86,http://ecx.images-amazon.com/images/I/41NS1lIZJrL.jpg,http://ecx.images-amazon.com/images/I/41E2XGANGqL.jpg
4232,B00FPRNB9U,http://ecx.images-amazon.com/images/I/41NS1lIZJrL.jpg,http://ecx.images-amazon.com/images/I/41E2XGANGqL.jpg
4297,B00LC8IWPO,http://ecx.images-amazon.com/images/I/5187fCmCuDL.jpg,http://ecx.images-amazon.com/images/I/51DF4MoKIeL.jpg
4331,B00O3GX8W4,http://ecx.images-amazon.com/images/I/41BICjVN0HL.jpg,http://ecx.images-amazon.com/images/I/41DCNgjHe9L.jpg
4336,B00MRKT5Z2,http://ecx.images-amazon.com/images/I/51-xUdXC2YL.jpg,http://ecx.images-amazon.com/images/I/51iqvIAYDVL.jpg
4344,B00L673KJE,http://ecx.images-amazon.com/images/I/51wS4nRFv4L.jpg,http://ecx.images-amazon.com/images/I/51HNevk8KYL.jpg
4376,B00LAF0Y5U,http://ecx.images-amazon.com/images/I/41z51rhKjqL.jpg,http://ecx.images-amazon.com/images/I/41lU84kzAfL.jpg
4415,B00NNX0XLM,http://ecx.images-amazon.com/images/I/511ZJSJh7kL.jpg,http://ecx.images-amazon.com/images/I/51rA4SDACTL.jpg
4477,B00LW4QX9U,http://ecx.images-amazon.com/images/I/51vf2wEd7BL.jpg,http://ecx.images-amazon.com/images/I/51HXjaZfjvL.jpg
4491,B00T92GS42,http://ecx.images-amazon.com/images/I/512oOmMNqRL.jpg,http://ecx.images-amazon.com/images/I/51m%2BYoSPsVL.jpg
4516,B00NLO37BQ,http://ecx.images-amazon.com/images/I/51sTRTmx0jL.jpg,http://ecx.images-amazon.com/images/I/51DMyl-Df6L.jpg
4531,B00N12CTDU,http://ecx.images-amazon.com/images/I/51bvN8evsgL.jpg,http://ecx.images-amazon.com/images/I/51StMpNTxsL.jpg
4548,B00LAF15K8,http://ecx.images-amazon.com/images/I/51bto1pappL.jpg,http://ecx.images-amazon.com/images/I/51ti74aiJ2L.jpg
4569,B00LE421QC,http://ecx.images-amazon.com/images/I/51RrJVf9jyL.jpg,http://ecx.images-amazon.com/images/I/51ciqtCCL3L.jpg
4579,B00LAG723G,http://ecx.images-amazon.com/images/I/41AQNF4dVJL.jpg,http://ecx.images-amazon.com/images/I/51C6XW73mZL.jpg
4596,B00L673IXM,http://ecx.images-amazon.com/images/I/51bSWA0wbxL.jpg,http://ecx.images-amazon.com/images/I/51MnSo9BSsL.jpg
4597,B00L673J2C,http://ecx.images-amazon.com/images/I/51bSWA0wbxL.jpg,http://ecx.images-amazon.com/images/I/51MnSo9BSsL.jpg
4672,B00TIYT1KY,http://ecx.images-amazon.com/images/I/51qDJBafBBL.jpg,http://ecx.images-amazon.com/images/I/51c-cYFUHcL.jpg
4689,B00TOOATFY,http://ecx.images-amazon.com/images/I/51aKVeTLTZL.jpg,http://ecx.images-amazon.com/images/I/51TpqwQFXdL.jpg
4695,B00IOIBIS8,http://ecx.images-amazon.com/images/I/51NaLxXtndL.jpg,http://ecx.images-amazon.com/images/I/415Wi-Ek4qL.jpg
5252,B00IOIBIS8,http://ecx.images-amazon.com/images/I/51NaLxXtndL.jpg,http://ecx.images-amazon.com/images/I/415Wi-Ek4qL.jpg
4696,B00IOIBIRY,http://ecx.images-amazon.com/images/I/51NaLxXtndL.jpg,http://ecx.images-amazon.com/images/I/415Wi-Ek4qL.jpg
4697,B00IOIBIRY,http://ecx.images-amazon.com/images/I/51NaLxXtndL.jpg,http://ecx.images-amazon.com/images/I/415Wi-Ek4qL.jpg
5253,B00IOIBIRY,http://ecx.images-amazon.com/images/I/51NaLxXtndL.jpg,http://ecx.images-amazon.com/images/I/415Wi-Ek4qL.jpg
4701,B00SWY48BI,http://ecx.images-amazon.com/images/I/51aLOU3hhXL.jpg,http://ecx.images-amazon.com/images/I/41yuVRxROzL.jpg
4707,B00TKJIT14,http://ecx.images-amazon.com/images/I/51vqKRVefwL.jpg,http://ecx.images-amazon.com/images/I/51nf-w4S4KL.jpg
4708,B00TKJISSS,http://ecx.images-amazon.com/images/I/51nf-w4S4KL.jpg,http://ecx.images-amazon.com/images/I/51vqKRVefwL.jpg
4711,B00TKIHG50,http://ecx.images-amazon.com/images/I/51As1w2%2BrLL.jpg,http://ecx.images-amazon.com/images/I/51pWlqnNVuL.jpg
4802,B00SKXQRQA,http://ecx.images-amazon.com/images/I/41jer0W9eRL.jpg,http://ecx.images-amazon.com/images/I/41foBAhdl2L.jpg
4843,B00Y3OXO52,http://ecx.images-amazon.com/images/I/51Gv9KN2FRL.jpg,http://ecx.images-amazon.com/images/I/51u1291TtcL.jpg
4866,B00LAF15ZS,http://ecx.images-amazon.com/images/I/41i4rvjQyvL.jpg,http://ecx.images-amazon.com/images/I/412TJLZjrWL.jpg
11652,B00LAF15ZS,http://ecx.images-amazon.com/images/I/41i4rvjQyvL.jpg,http://ecx.images-amazon.com/images/I/412TJLZjrWL.jpg
5062,B00F5NBV7I,http://ecx.images-amazon.com/images/I/41uZnTymoNL.jpg,http://ecx.images-amazon.com/images/I/514TChMaHDL.jpg
5063,B00F5NBW1I,http://ecx.images-amazon.com/images/I/514TChMaHDL.jpg,http://ecx.images-amazon.com/images/I/41uZnTymoNL.jpg
5064,B00F5NBWXG,http://ecx.images-amazon.com/images/I/514TChMaHDL.jpg,http://ecx.images-amazon.com/images/I/41uZnTymoNL.jpg
5076,B00IOIBJAU,http://ecx.images-amazon.com/images/I/51NaLxXtndL.jpg,http://ecx.images-amazon.com/images/I/41yiRpPeqSL.jpg
5251,B00IOIBJAU,http://ecx.images-amazon.com/images/I/51NaLxXtndL.jpg,http://ecx.images-amazon.com/images/I/41yiRpPeqSL.jpg
5242,B00LHSV96I,http://ecx.images-amazon.com/images/I/51kcYU-3sGL.jpg,http://ecx.images-amazon.com/images/I/51GaihDKiGL.jpg
5254,B00LHSV96I,http://ecx.images-amazon.com/images/I/51kcYU-3sGL.jpg,http://ecx.images-amazon.com/images/I/51GaihDKiGL.jpg
5278,B00HW29LLI,http://ecx.images-amazon.com/images/I/51aV56yv6wL.jpg,http://ecx.images-amazon.com/images/I/51oRzD7DX%2BL.jpg
5289,B0112OBW2M,http://ecx.images-amazon.com/images/I/51bSWA0wbxL.jpg,http://ecx.images-amazon.com/images/I/51MnSo9BSsL.jpg
5338,B00THGV5XY,http://ecx.images-amazon.com/images/I/51XJWn8tajL.jpg,http://ecx.images-amazon.com/images/I/51ZwADRFIsL.jpg
9194,B00THGV5XY,http://ecx.images-amazon.com/images/I/51XJWn8tajL.jpg,http://ecx.images-amazon.com/images/I/51ZwADRFIsL.jpg
5350,B00TXMKVQY,http://ecx.images-amazon.com/images/I/51Dv0DW%2BJeL.jpg,http://ecx.images-amazon.com/images/I/5196liPOzVL.jpg
5352,B00TXMKVYG,http://ecx.images-amazon.com/images/I/51Dv0DW%2BJeL.jpg,http://ecx.images-amazon.com/images/I/5196liPOzVL.jpg
5386,B00SLFXYGI,http://ecx.images-amazon.com/images/I/51049nR5xTL.jpg,http://ecx.images-amazon.com/images/I/51w%2B0WrCk7L.jpg
5456,B00TSR5CU4,http://ecx.images-amazon.com/images/I/51K7Sb7AyDL.jpg,http://ecx.images-amazon.com/images/I/51fIw28jUtL.jpg
5657,B00TSR5CU4,http://ecx.images-amazon.com/images/I/51K7Sb7AyDL.jpg,http://ecx.images-amazon.com/images/I/51fIw28jUtL.jpg
5487,B00SLFF1U0,http://ecx.images-amazon.com/images/I/51XJWn8tajL.jpg,http://ecx.images-amazon.com/images/I/411iTqbXZSL.jpg
5514,B00T7OENWQ,http://ecx.images-amazon.com/images/I/51bcCE-yiKL.jpg,http://ecx.images-amazon.com/images/I/41fbW0UzfmL.jpg
11239,B00T7OENWQ,http://ecx.images-amazon.com/images/I/51bcCE-yiKL.jpg,http://ecx.images-amazon.com/images/I/41fbW0UzfmL.jpg
5550,B00SCBSMCM,http://ecx.images-amazon.com/images/I/41Z0aIAMULL.jpg,http://ecx.images-amazon.com/images/I/51P7TythTjL.jpg
5559,B00SCBL4GS,http://ecx.images-amazon.com/images/I/41U21cao-CL.jpg,http://ecx.images-amazon.com/images/I/51f60VD-kOL.jpg
5599,B00SWY5JDO,http://ecx.images-amazon.com/images/I/51w1JhTZoSL.jpg,http://ecx.images-amazon.com/images/I/5182GUo1RZL.jpg
5602,B00SWY5D8A,http://ecx.images-amazon.com/images/I/51CmwIubgrL.jpg,http://ecx.images-amazon.com/images/I/41JTyTvv9wL.jpg
5614,B00SLFXZEE,http://ecx.images-amazon.com/images/I/51049nR5xTL.jpg,http://ecx.images-amazon.com/images/I/51w%2B0WrCk7L.jpg
5615,B00VEKJ6N2,http://ecx.images-amazon.com/images/I/51pXzEijROL.jpg,http://ecx.images-amazon.com/images/I/41i4rm3h5oL.jpg
5867,B010PQQUC0,http://ecx.images-amazon.com/images/I/51h7e516taL.jpg,http://ecx.images-amazon.com/images/I/51vgGhdjmYL.jpg
5868,B010PQQV8I,http://ecx.images-amazon.com/images/I/51h7e516taL.jpg,http://ecx.images-amazon.com/images/I/51vgGhdjmYL.jpg
5910,B011SPNOB2,http://ecx.images-amazon.com/images/I/51F4TX8uxeL.jpg,http://ecx.images-amazon.com/images/I/61jDGYNjmKL.jpg
5990,B00SKXPNVK,http://ecx.images-amazon.com/images/I/518UbHNZG8L.jpg,http://ecx.images-amazon.com/images/I/51NbRJtRtoL.jpg
5991,B00SKXPW3Y,http://ecx.images-amazon.com/images/I/518UbHNZG8L.jpg,http://ecx.images-amazon.com/images/I/51D-tVjkxWL.jpg
6003,B00XEXQY2I,http://ecx.images-amazon.com/images/I/51t29ivQmCL.jpg,http://ecx.images-amazon.com/images/I/41BQM9yp4FL.jpg
6032,B014JYNELE,http://ecx.images-amazon.com/images/I/51ScgdLg5qL.jpg,http://ecx.images-amazon.com/images/I/51kYYSlG8aL.jpg
11626,B014JYNELE,http://ecx.images-amazon.com/images/I/51ScgdLg5qL.jpg,http://ecx.images-amazon.com/images/I/51kYYSlG8aL.jpg
6110,B00Y3OXO52,http://ecx.images-amazon.com/images/I/51Gv9KN2FRL.jpg,http://ecx.images-amazon.com/images/I/51u1291TtcL.jpg
6129,B004W5MQWY,http://ecx.images-amazon.com/images/I/51Czxe1wRTL.jpg,http://ecx.images-amazon.com/images/I/51965BZEveL.jpg
6217,B00MA91FJE,http://ecx.images-amazon.com/images/I/5193EzR14tL.jpg,http://ecx.images-amazon.com/images/I/51%2BEe2vgQ9L.jpg
6256,B00OKZGHGC,http://ecx.images-amazon.com/images/I/51Z6bzd2p6L.jpg,http://ecx.images-amazon.com/images/I/51QkBLYluxL.jpg
6302,B00NAYF54E,http://ecx.images-amazon.com/images/I/51CyFjEcsCL.jpg,http://ecx.images-amazon.com/images/I/41ulDbe5x1L.jpg
6314,B00TXMKVQY,http://ecx.images-amazon.com/images/I/5196liPOzVL.jpg,http://ecx.images-amazon.com/images/I/514N8tq3S5L.jpg
6359,B00T7OEMU4,http://ecx.images-amazon.com/images/I/51XpkE1RQnL.jpg,http://ecx.images-amazon.com/images/I/41fbW0UzfmL.jpg
6366,B015HYORNO,http://ecx.images-amazon.com/images/I/51crF5HopxL.jpg,http://ecx.images-amazon.com/images/I/51oTC75MTBL.jpg
6369,B00NBI8QZO,http://ecx.images-amazon.com/images/I/41C4RXJXKYL.jpg,http://ecx.images-amazon.com/images/I/41CyZsc9uqL.jpg
6371,B00NBI93Y2,http://ecx.images-amazon.com/images/I/41gejeJrtyL.jpg,http://ecx.images-amazon.com/images/I/41J5kMn4osL.jpg
6373,B00MA91HBA,http://ecx.images-amazon.com/images/I/41jvQU82vgL.jpg,http://ecx.images-amazon.com/images/I/41x4DZfCwAL.jpg
6375,B00QSRY758,http://ecx.images-amazon.com/images/I/41Vc%2B0Iq7pL.jpg,http://ecx.images-amazon.com/images/I/415RK%2B8n5yL.jpg
6384,B00P1E2N64,http://ecx.images-amazon.com/images/I/51DJlgeusjL.jpg,http://ecx.images-amazon.com/images/I/51a4fCOBkbL.jpg
6400,B011NBHGS8,http://ecx.images-amazon.com/images/I/51xq5z0UAlL.jpg,http://ecx.images-amazon.com/images/I/51RUgRegQjL.jpg
6403,B00T7OF54Q,http://ecx.images-amazon.com/images/I/51USB-b9nDL.jpg,http://ecx.images-amazon.com/images/I/51NeRJEptUL.jpg
6404,B00T7OF4O2,http://ecx.images-amazon.com/images/I/51USB-b9nDL.jpg,http://ecx.images-amazon.com/images/I/51NeRJEptUL.jpg
6415,B0150R92B0,http://ecx.images-amazon.com/images/I/51zOGhHCcyL.jpg,http://ecx.images-amazon.com/images/I/51r-S1h3czL.jpg
6416,B00NQ7QRG0,http://ecx.images-amazon.com/images/I/516tbuYRDrL.jpg,http://ecx.images-amazon.com/images/I/51YeZjf9weL.jpg
6557,B00HFJRICC,http://ecx.images-amazon.com/images/I/51tjD3wNJ6L.jpg,http://ecx.images-amazon.com/images/I/51RNSqr1Y8L.jpg
6563,B00F5NBV7I,http://ecx.images-amazon.com/images/I/514TChMaHDL.jpg,http://ecx.images-amazon.com/images/I/51ufjRZy9lL.jpg
6576,B015GKXBDG,http://ecx.images-amazon.com/images/I/51A0K-GbSsL.jpg,http://ecx.images-amazon.com/images/I/514F-d9IDLL.jpg
6614,B00OFEN08Q,http://ecx.images-amazon.com/images/I/51GgaGr8y3L.jpg,http://ecx.images-amazon.com/images/I/51mpb1saz-L.jpg
6615,B00PMBHV0O,http://ecx.images-amazon.com/images/I/51lOJfIzOML.jpg,http://ecx.images-amazon.com/images/I/51Sd9YVeauL.jpg
6750,B010PQQV8I,http://ecx.images-amazon.com/images/I/51h7e516taL.jpg,http://ecx.images-amazon.com/images/I/517dfaGFleL.jpg
6753,B014JYNELE,http://ecx.images-amazon.com/images/I/51ScgdLg5qL.jpg,http://ecx.images-amazon.com/images/I/51i-JfWAagL.jpg
6775,B00YLG485M,http://ecx.images-amazon.com/images/I/51Vf9chdCbL.jpg,http://ecx.images-amazon.com/images/I/51nf9GyYr1L.jpg
6776,B00YLG480M,http://ecx.images-amazon.com/images/I/51Vf9chdCbL.jpg,http://ecx.images-amazon.com/images/I/51nf9GyYr1L.jpg
6859,B00G2V04QQ,http://ecx.images-amazon.com/images/I/41QmtvWfKuL.jpg,http://ecx.images-amazon.com/images/I/41HyDOaLNLL.jpg
6861,B00G2V04Q6,http://ecx.images-amazon.com/images/I/41QmtvWfKuL.jpg,http://ecx.images-amazon.com/images/I/41HyDOaLNLL.jpg
6864,B00RL7U0Y6,http://ecx.images-amazon.com/images/I/41EEe1A7hqL.jpg,http://ecx.images-amazon.com/images/I/41p6yCrDjSL.jpg
6949,B00MU7C1Y4,http://ecx.images-amazon.com/images/I/51mCsctjn9L.jpg,http://ecx.images-amazon.com/images/I/51zMHMGBVAL.jpg
6975,B015GEU74I,http://ecx.images-amazon.com/images/I/51JplkEfUSL.jpg,http://ecx.images-amazon.com/images/I/51jH6FsrR1L.jpg
7136,B00Z1MOI4G,http://ecx.images-amazon.com/images/I/415-vptVReL.jpg,http://ecx.images-amazon.com/images/I/41w-tzS%2B0WL.jpg
7140,B00Z1MMKGY,http://ecx.images-amazon.com/images/I/415-vptVReL.jpg,http://ecx.images-amazon.com/images/I/517tu4HGVrL.jpg
7144,B00Z1MN4FU,http://ecx.images-amazon.com/images/I/41-IRff1iOL.jpg,http://ecx.images-amazon.com/images/I/41yOhsYbYOL.jpg
7148,B00Z1MNJZK,http://ecx.images-amazon.com/images/I/41xDcvXARNL.jpg,http://ecx.images-amazon.com/images/I/41UDzVpyfLL.jpg
7185,B00TR0LH06,http://ecx.images-amazon.com/images/I/51%2BmLQRBu0L.jpg,http://ecx.images-amazon.com/images/I/51ajtW3j5ZL.jpg
7203,B00SH6O4DS,http://ecx.images-amazon.com/images/I/41kO1DrupRL.jpg,http://ecx.images-amazon.com/images/I/41qu3eUJlDL.jpg
7229,B005W7USAS,http://ecx.images-amazon.com/images/I/51Mdeg4npZL.jpg,http://ecx.images-amazon.com/images/I/51hu4KKEGfL.jpg
7252,B0106S1WUC,http://ecx.images-amazon.com/images/I/513aXpnmyXL.jpg,http://ecx.images-amazon.com/images/I/61iWVFe%2BFZL.jpg
7272,B00LVNDSLS,http://ecx.images-amazon.com/images/I/51xpiO8%2BsTL.jpg,http://ecx.images-amazon.com/images/I/51BczYwSJxL.jpg
7342,B00M9JX7I2,http://ecx.images-amazon.com/images/I/51dqas6t0ML.jpg,http://ecx.images-amazon.com/images/I/51Qye4ZY5HL.jpg
7379,B010GUZLW0,http://ecx.images-amazon.com/images/I/51XGLr%2BIsWL.jpg,http://ecx.images-amazon.com/images/I/51ZQuKwv5SL.jpg
7408,B0106TE5KU,http://ecx.images-amazon.com/images/I/51gyDoiSkCL.jpg,http://ecx.images-amazon.com/images/I/51%2BhOLKFHvL.jpg
7413,B00SGENXJC,http://ecx.images-amazon.com/images/I/51t8Mc6byuL.jpg,http://ecx.images-amazon.com/images/I/51UDy6QZqxL.jpg
7457,B00Y1AOVZA,http://ecx.images-amazon.com/images/I/41sytzx8wmL.jpg,http://ecx.images-amazon.com/images/I/41E6P4kOb%2BL.jpg
7467,B00KDC77ME,http://ecx.images-amazon.com/images/I/412d4%2B8wrOL.jpg,http://ecx.images-amazon.com/images/I/41XAnsqyDIL.jpg
7533,B00LAF12V0,http://ecx.images-amazon.com/images/I/51bto1pappL.jpg,http://ecx.images-amazon.com/images/I/51ti74aiJ2L.jpg
7534,B00LAF15K8,http://ecx.images-amazon.com/images/I/51bto1pappL.jpg,http://ecx.images-amazon.com/images/I/51ti74aiJ2L.jpg
7746,B00RA01IKE,http://ecx.images-amazon.com/images/I/51SsEeWEQBL.jpg,http://ecx.images-amazon.com/images/I/51vDj5Vx9lL.jpg
7810,B00II8WIYC,http://ecx.images-amazon.com/images/I/51XKMIdKkEL.jpg,http://ecx.images-amazon.com/images/I/5179KiFQQ9L.jpg
7811,B00II8WIXI,http://ecx.images-amazon.com/images/I/51XKMIdKkEL.jpg,http://ecx.images-amazon.com/images/I/5179KiFQQ9L.jpg
7870,B00ZMDU98I,http://ecx.images-amazon.com/images/I/51bywrJf0RL.jpg,http://ecx.images-amazon.com/images/I/51LqKMZGObL.jpg
8833,B00NNXWG8A,http://ecx.images-amazon.com/images/I/51K0LvrWbtL.jpg,http://ecx.images-amazon.com/images/I/51qoj133LKL.jpg
9096,B00NIKYMI0,http://ecx.images-amazon.com/images/I/51LXYd1H3iL.jpg,http://ecx.images-amazon.com/images/I/51MaqgyrSqL.jpg
11619,B00NIKYMI0,http://ecx.images-amazon.com/images/I/51LXYd1H3iL.jpg,http://ecx.images-amazon.com/images/I/51MaqgyrSqL.jpg
9108,B0126JNMHK,http://ecx.images-amazon.com/images/I/51%2BgPZCnPgL.jpg,http://ecx.images-amazon.com/images/I/519vUvnQLOL.jpg
9138,B00RCBTRQ8,http://ecx.images-amazon.com/images/I/519c0H-CewL.jpg,http://ecx.images-amazon.com/images/I/51FJvZXii9L.jpg
9139,B00RCBTTD4,http://ecx.images-amazon.com/images/I/51FzYtvmwGL.jpg,http://ecx.images-amazon.com/images/I/51FJvZXii9L.jpg
9204,B015WK1L4Q,http://ecx.images-amazon.com/images/I/51LoEauJCuL.jpg,http://ecx.images-amazon.com/images/I/51xJgBMsDnL.jpg
11629,B015WK1L4Q,http://ecx.images-amazon.com/images/I/51LoEauJCuL.jpg,http://ecx.images-amazon.com/images/I/51xJgBMsDnL.jpg
9269,B00ZGEQ3XS,http://ecx.images-amazon.com/images/I/51d1ywaFHzL.jpg,http://ecx.images-amazon.com/images/I/51H5Wks6-KL.jpg
9338,B014KNJ4Y0,http://ecx.images-amazon.com/images/I/51dh80gKIBL.jpg,http://ecx.images-amazon.com/images/I/41hQpQDNnvL.jpg
9340,B014KNJ6IY,http://ecx.images-amazon.com/images/I/41hQpQDNnvL.jpg,http://ecx.images-amazon.com/images/I/51Amkoa9tVL.jpg
9356,B014KMXOZG,http://ecx.images-amazon.com/images/I/51Ak6DLs2rL.jpg,http://ecx.images-amazon.com/images/I/41xM3bZC1TL.jpg
9357,B014KMXR3U,http://ecx.images-amazon.com/images/I/51Ak6DLs2rL.jpg,http://ecx.images-amazon.com/images/I/415dSwGk1rL.jpg
9402,B00HNIB6IM,http://ecx.images-amazon.com/images/I/51Gv9KN2FRL.jpg,http://ecx.images-amazon.com/images/I/51ZNV7W1TaL.jpg
9404,B00HNIB6IM,http://ecx.images-amazon.com/images/I/51Gv9KN2FRL.jpg,http://ecx.images-amazon.com/images/I/51ZNV7W1TaL.jpg
9451,B00FPRNBA4,http://ecx.images-amazon.com/images/I/41NS1lIZJrL.jpg,http://ecx.images-amazon.com/images/I/41E2XGANGqL.jpg
9452,B00FPRNB86,http://ecx.images-amazon.com/images/I/41NS1lIZJrL.jpg,http://ecx.images-amazon.com/images/I/41E2XGANGqL.jpg
9453,B00FPRNB9U,http://ecx.images-amazon.com/images/I/41NS1lIZJrL.jpg,http://ecx.images-amazon.com/images/I/41E2XGANGqL.jpg
9501,B00NAYF54E,http://ecx.images-amazon.com/images/I/51CyFjEcsCL.jpg,http://ecx.images-amazon.com/images/I/51iGJArg41L.jpg
9683,B00RKKKQHU,http://ecx.images-amazon.com/images/I/51nNFl%2BItTL.jpg,http://ecx.images-amazon.com/images/I/51dCIf1UAZL.jpg
9726,B0108WBRRE,http://ecx.images-amazon.com/images/I/518%2BXiP5t6L.jpg,http://ecx.images-amazon.com/images/I/51tqrEL36GL.jpg
9744,B010PQQV8I,http://ecx.images-amazon.com/images/I/51h7e516taL.jpg,http://ecx.images-amazon.com/images/I/51vgGhdjmYL.jpg
10090,B00L673IXM,http://ecx.images-amazon.com/images/I/51bSWA0wbxL.jpg,http://ecx.images-amazon.com/images/I/51MnSo9BSsL.jpg
10091,B00L673J2C,http://ecx.images-amazon.com/images/I/51bSWA0wbxL.jpg,http://ecx.images-amazon.com/images/I/51MnSo9BSsL.jpg
10201,B00KGE5258,http://ecx.images-amazon.com/images/I/41JRYiUfxiL.jpg,http://ecx.images-amazon.com/images/I/41rBG9p7uSL.jpg
10202,B00KGE524O,http://ecx.images-amazon.com/images/I/41C5d2c4KWL.jpg,http://ecx.images-amazon.com/images/I/41rBG9p7uSL.jpg
10304,B003FO3E38,http://ecx.images-amazon.com/images/I/41S%2BLtKjbOL.jpg,http://ecx.images-amazon.com/images/I/51KGa%2B5GoSL.jpg
10353,B00N373H9I,http://ecx.images-amazon.com/images/I/41SI0MGS%2BDL.jpg,http://ecx.images-amazon.com/images/I/313sO-1kjQL.jpg
10393,B00NBI95SQ,http://ecx.images-amazon.com/images/I/419SoWZes1L.jpg,http://ecx.images-amazon.com/images/I/41J5kMn4osL.jpg
10414,B00HNIA66K,http://ecx.images-amazon.com/images/I/414PguQGqmL.jpg,http://ecx.images-amazon.com/images/I/518ABK7xewL.jpg
10417,B00HNIA40S,http://ecx.images-amazon.com/images/I/414PguQGqmL.jpg,http://ecx.images-amazon.com/images/I/518ABK7xewL.jpg
10418,B00HNIAHYQ,http://ecx.images-amazon.com/images/I/414PguQGqmL.jpg,http://ecx.images-amazon.com/images/I/518ABK7xewL.jpg
10533,B00HQDLO7C,http://ecx.images-amazon.com/images/I/415mu2ylT%2BL.jpg,http://ecx.images-amazon.com/images/I/41i72GT9O1L.jpg
10536,B00HQBWGW6,http://ecx.images-amazon.com/images/I/415mu2ylT%2BL.jpg,http://ecx.images-amazon.com/images/I/51jrJZR7JQL.jpg
10537,B00HQBWGTE,http://ecx.images-amazon.com/images/I/415mu2ylT%2BL.jpg,http://ecx.images-amazon.com/images/I/51jrJZR7JQL.jpg
10538,B00HQDLO04,http://ecx.images-amazon.com/images/I/415mu2ylT%2BL.jpg,http://ecx.images-amazon.com/images/I/41i72GT9O1L.jpg
10692,B00GGGD8RY,http://ecx.images-amazon.com/images/I/41H6Kk6y4KL.jpg,http://ecx.images-amazon.com/images/I/41Bkqw0zkTL.jpg
10698,B00IOGFKHK,http://ecx.images-amazon.com/images/I/41EPy0b1E3L.jpg,http://ecx.images-amazon.com/images/I/51BH18IHhAL.jpg
10752,B00M4L8DJI,http://ecx.images-amazon.com/images/I/513MRdUVmrL.jpg,http://ecx.images-amazon.com/images/I/51qfxkxZN%2BL.jpg
10907,B016YUCZH0,http://ecx.images-amazon.com/images/I/61oYTkkriVL.jpg,http://ecx.images-amazon.com/images/I/61ti50PkPkL.jpg
10908,B016YUCZIO,http://ecx.images-amazon.com/images/I/61oYTkkriVL.jpg,http://ecx.images-amazon.com/images/I/61ti50PkPkL.jpg
10933,B00T92L6GW,http://ecx.images-amazon.com/images/I/51Q%2BF5MjvWL.jpg,http://ecx.images-amazon.com/images/I/51crLzWTzwL.jpg
11040,B00W49XH8M,http://ecx.images-amazon.com/images/I/51vzKcm6aVL.jpg,http://ecx.images-amazon.com/images/I/515b-WnE5QL.jpg
11041,B00W49XH8C,http://ecx.images-amazon.com/images/I/51vzKcm6aVL.jpg,http://ecx.images-amazon.com/images/I/41MT4iWeMEL.jpg
11042,B00W49XH7I,http://ecx.images-amazon.com/images/I/51vzKcm6aVL.jpg,http://ecx.images-amazon.com/images/I/515b-WnE5QL.jpg
11064,B00IZCORSQ,http://ecx.images-amazon.com/images/I/51KK6XrUPtL.jpg,http://ecx.images-amazon.com/images/I/51YHNwDUI9L.jpg
11277,B00XKSVPAI,http://ecx.images-amazon.com/images/I/41FNWXeiRqL.jpg,http://ecx.images-amazon.com/images/I/41HxqbceyVL.jpg
11278,B00XKSW6B0,http://ecx.images-amazon.com/images/I/41FNWXeiRqL.jpg,http://ecx.images-amazon.com/images/I/41HxqbceyVL.jpg
11312,B00W1ZZMO6,http://ecx.images-amazon.com/images/I/514j4pzPfkL.jpg,http://ecx.images-amazon.com/images/I/516FRR4V2EL.jpg
11313,B00W1ZZK9S,http://ecx.images-amazon.com/images/I/514j4pzPfkL.jpg,http://ecx.images-amazon.com/images/I/516FRR4V2EL.jpg
11314,B00W1ZZJYE,http://ecx.images-amazon.com/images/I/614RwID1tPL.jpg,http://ecx.images-amazon.com/images/I/51XgPVtQdtL.jpg
11315,B00W1ZZQW4,http://ecx.images-amazon.com/images/I/614RwID1tPL.jpg,http://ecx.images-amazon.com/images/I/51XgPVtQdtL.jpg
11316,B00W1ZZKKC,http://ecx.images-amazon.com/images/I/614RwID1tPL.jpg,http://ecx.images-amazon.com/images/I/51XgPVtQdtL.jpg
11317,B00W1ZZKFC,http://ecx.images-amazon.com/images/I/51CvlfA9X-L.jpg,http://ecx.images-amazon.com/images/I/510ioFsvp1L.jpg
11318,B00W1ZZKOI,http://ecx.images-amazon.com/images/I/51CvlfA9X-L.jpg,http://ecx.images-amazon.com/images/I/510ioFsvp1L.jpg
11319,B00W1ZZQOW,http://ecx.images-amazon.com/images/I/51CvlfA9X-L.jpg,http://ecx.images-amazon.com/images/I/510ioFsvp1L.jpg
11320,B00VC2POWE,http://ecx.images-amazon.com/images/I/518JpnkVzgL.jpg,http://ecx.images-amazon.com/images/I/51dPzMCB-8L.jpg
11321,B00VC2POYC,http://ecx.images-amazon.com/images/I/518JpnkVzgL.jpg,http://ecx.images-amazon.com/images/I/51dPzMCB-8L.jpg
11322,B00VC2POVU,http://ecx.images-amazon.com/images/I/518JpnkVzgL.jpg,http://ecx.images-amazon.com/images/I/51dPzMCB-8L.jpg
11323,B00VC2POVK,http://ecx.images-amazon.com/images/I/511xcHKlEAL.jpg,http://ecx.images-amazon.com/images/I/51YBn1Rr4RL.jpg
11324,B00VC2POX8,http://ecx.images-amazon.com/images/I/511xcHKlEAL.jpg,http://ecx.images-amazon.com/images/I/51YBn1Rr4RL.jpg
11325,B00VC2POZ6,http://ecx.images-amazon.com/images/I/511xcHKlEAL.jpg,http://ecx.images-amazon.com/images/I/51YBn1Rr4RL.jpg
11326,B00VC2POVA,http://ecx.images-amazon.com/images/I/51faU0mApYL.jpg,http://ecx.images-amazon.com/images/I/51lvEF6yw5L.jpg
11327,B00VC2POWY,http://ecx.images-amazon.com/images/I/51faU0mApYL.jpg,http://ecx.images-amazon.com/images/I/51lvEF6yw5L.jpg
11328,B00VC2PP2S,http://ecx.images-amazon.com/images/I/51aAnWAqxaL.jpg,http://ecx.images-amazon.com/images/I/51lvEF6yw5L.jpg
11586,B017Z6P2LI,http://ecx.images-amazon.com/images/I/51dybP0GJ1L.jpg,http://ecx.images-amazon.com/images/I/51GHkp6K8qL.jpg
11592,B014CQJG2A,http://ecx.images-amazon.com/images/I/51cefRN46nL.jpg,http://ecx.images-amazon.com/images/I/51Ecqze5JXL.jpg
11598,B00XMSQZZ6,http://ecx.images-amazon.com/images/I/5136wbCohbL.jpg,http://ecx.images-amazon.com/images/I/41pNEswOgwL.jpg
11600,B00S1LNIYU,http://ecx.images-amazon.com/images/I/51bD%2BBDuh-L.jpg,http://ecx.images-amazon.com/images/I/519O9HTG6XL.jpg
12172,B00S1LNIYU,http://ecx.images-amazon.com/images/I/51bD%2BBDuh-L.jpg,http://ecx.images-amazon.com/images/I/519O9HTG6XL.jpg
11700,B010I1PPJ6,http://ecx.images-amazon.com/images/I/51HLlM6OfsL.jpg,http://ecx.images-amazon.com/images/I/51RZOYfAIEL.jpg
11720,B019AU9N08,http://ecx.images-amazon.com/images/I/51ff2lGwuwL.jpg,http://ecx.images-amazon.com/images/I/51yvq4tPsAL.jpg
11721,B019AU9L78,http://ecx.images-amazon.com/images/I/51ff2lGwuwL.jpg,http://ecx.images-amazon.com/images/I/51yvq4tPsAL.jpg
12494,B019AU9L78,http://ecx.images-amazon.com/images/I/51ff2lGwuwL.jpg,http://ecx.images-amazon.com/images/I/51yvq4tPsAL.jpg
11722,B019AU9LX2,http://ecx.images-amazon.com/images/I/51ff2lGwuwL.jpg,http://ecx.images-amazon.com/images/I/51yvq4tPsAL.jpg
11723,B019AU9MHW,http://ecx.images-amazon.com/images/I/51ff2lGwuwL.jpg,http://ecx.images-amazon.com/images/I/51yvq4tPsAL.jpg
12495,B019AU9MHW,http://ecx.images-amazon.com/images/I/51ff2lGwuwL.jpg,http://ecx.images-amazon.com/images/I/51yvq4tPsAL.jpg
11741,B019D0AXTK,http://ecx.images-amazon.com/images/I/51hFMuwh6PL.jpg,http://ecx.images-amazon.com/images/I/51c2IovJglL.jpg
11742,B019D0AWIW,http://ecx.images-amazon.com/images/I/51hFMuwh6PL.jpg,http://ecx.images-amazon.com/images/I/51sM87IAfzL.jpg
11760,B0126JOIB4,http://ecx.images-amazon.com/images/I/41clruB9jvL.jpg,http://ecx.images-amazon.com/images/I/41mmlxSe%2B9L.jpg
11762,B0126JN4U0,http://ecx.images-amazon.com/images/I/41clruB9jvL.jpg,http://ecx.images-amazon.com/images/I/41mmlxSe%2B9L.jpg
11793,B0126JR24E,http://ecx.images-amazon.com/images/I/41dIsUIUspL.jpg,http://ecx.images-amazon.com/images/I/41hHLQaPpiL.jpg
11817,B0126JQS76,http://ecx.images-amazon.com/images/I/41LLJB6uS5L.jpg,http://ecx.images-amazon.com/images/I/417MenDMHvL.jpg
11820,B012OURWTA,http://ecx.images-amazon.com/images/I/51AhnlhaA8L.jpg,http://ecx.images-amazon.com/images/I/41XfXcz4pjL.jpg
11822,B012J0FUMQ,http://ecx.images-amazon.com/images/I/41ahXn%2B5RAL.jpg,http://ecx.images-amazon.com/images/I/41%2BcN3TWM7L.jpg
11827,B0126JSCTI,http://ecx.images-amazon.com/images/I/41JNeytm4XL.jpg,http://ecx.images-amazon.com/images/I/41UBefpakSL.jpg
11830,B013FK5R9U,http://ecx.images-amazon.com/images/I/51dn5NG7SNL.jpg,http://ecx.images-amazon.com/images/I/51rdgrbi0AL.jpg
11831,B013FK47IW,http://ecx.images-amazon.com/images/I/51rdgrbi0AL.jpg,http://ecx.images-amazon.com/images/I/5112deEnNML.jpg
11859,B0126JQS3A,http://ecx.images-amazon.com/images/I/41zQRCP3oZL.jpg,http://ecx.images-amazon.com/images/I/41dSHksGQCL.jpg
11861,B0126JQRHW,http://ecx.images-amazon.com/images/I/41dSHksGQCL.jpg,http://ecx.images-amazon.com/images/I/41zQRCP3oZL.jpg
11871,B0126JSKBS,http://ecx.images-amazon.com/images/I/41vXNEYaWLL.jpg,http://ecx.images-amazon.com/images/I/41ZW2OP1pZL.jpg
11875,B0126JRT8I,http://ecx.images-amazon.com/images/I/5158VttMfGL.jpg,http://ecx.images-amazon.com/images/I/41IT9x-yxQL.jpg
11876,B0126JRTDI,http://ecx.images-amazon.com/images/I/5158VttMfGL.jpg,http://ecx.images-amazon.com/images/I/41IT9x-yxQL.jpg
11943,B015TCMHNQ,http://ecx.images-amazon.com/images/I/41-NK9NZfSL.jpg,http://ecx.images-amazon.com/images/I/41c9ezWuf2L.jpg
11951,B00NO3NP48,http://ecx.images-amazon.com/images/I/41a9WU3ftbL.jpg,http://ecx.images-amazon.com/images/I/41BX2tPVSfL.jpg
11952,B00NO3NSWM,http://ecx.images-amazon.com/images/I/41a9WU3ftbL.jpg,http://ecx.images-amazon.com/images/I/41BX2tPVSfL.jpg
11953,B00NO3NSEA,http://ecx.images-amazon.com/images/I/41a9WU3ftbL.jpg,http://ecx.images-amazon.com/images/I/41BX2tPVSfL.jpg
11982,B00XNZYOUQ,http://ecx.images-amazon.com/images/I/61XEMpihN3L.jpg,http://ecx.images-amazon.com/images/I/611Qw-Tm3TL.jpg
11983,B00XNZYQ3Q,http://ecx.images-amazon.com/images/I/61XEMpihN3L.jpg,http://ecx.images-amazon.com/images/I/611Qw-Tm3TL.jpg
11986,B01581YO66,http://ecx.images-amazon.com/images/I/51kTd0Wv2HL.jpg,http://ecx.images-amazon.com/images/I/51LZlLeN9RL.jpg
11987,B01581YO8E,http://ecx.images-amazon.com/images/I/51kTd0Wv2HL.jpg,http://ecx.images-amazon.com/images/I/51LZlLeN9RL.jpg
11999,B015TCM1S2,http://ecx.images-amazon.com/images/I/41lkGVNaYeL.jpg,http://ecx.images-amazon.com/images/I/41PkjGwiMDL.jpg
12006,B0169U2N1S,http://ecx.images-amazon.com/images/I/4185mSn8xSL.jpg,http://ecx.images-amazon.com/images/I/41mUvsNu%2B8L.jpg
12064,B0151YIXVM,http://ecx.images-amazon.com/images/I/51l1-mpGfyL.jpg,http://ecx.images-amazon.com/images/I/61GcP46kESL.jpg
12065,B0151YJ9F6,http://ecx.images-amazon.com/images/I/51l1-mpGfyL.jpg,http://ecx.images-amazon.com/images/I/61GcP46kESL.jpg
12112,B01AH120W2,http://ecx.images-amazon.com/images/I/411GMhL3cDL.jpg,http://ecx.images-amazon.com/images/I/512IPZ1AMcL.jpg
12113,B01AH120X6,http://ecx.images-amazon.com/images/I/512IPZ1AMcL.jpg,http://ecx.images-amazon.com/images/I/511fAIT28%2BL.jpg
12114,B01AH120ZO,http://ecx.images-amazon.com/images/I/511fAIT28%2BL.jpg,http://ecx.images-amazon.com/images/I/512IPZ1AMcL.jpg
12132,B014KN4MEC,http://ecx.images-amazon.com/images/I/51KC06EM6mL.jpg,http://ecx.images-amazon.com/images/I/51yvq4tPsAL.jpg
12139,B017A5IZHC,http://ecx.images-amazon.com/images/I/61qKHfKCmpL.jpg,http://ecx.images-amazon.com/images/I/6180TvAyynL.jpg
12190,B018ZOB0D8,http://ecx.images-amazon.com/images/I/51yjZjwP%2BlL.jpg,http://ecx.images-amazon.com/images/I/513ElecOZ9L.jpg
12192,B018ZOB0CY,http://ecx.images-amazon.com/images/I/51yjZjwP%2BlL.jpg,http://ecx.images-amazon.com/images/I/513ElecOZ9L.jpg
12246,B001KTVIJC,http://ecx.images-amazon.com/images/I/512X%2BwXfGlL.jpg,http://ecx.images-amazon.com/images/I/41IxYdPiMdL.jpg
12248,B019G2ZM96,http://ecx.images-amazon.com/images/I/518meqjA0cL.jpg,http://ecx.images-amazon.com/images/I/51TOJk4OSsL.jpg
12251,B01CRDHWVM,http://ecx.images-amazon.com/images/I/51uo3D7uyNL.jpg,http://ecx.images-amazon.com/images/I/513PueEfeSL.jpg
12252,B01CRDHY3S,http://ecx.images-amazon.com/images/I/513WKtC06mL.jpg,http://ecx.images-amazon.com/images/I/513PueEfeSL.jpg
12253,B01CRDHX7U,http://ecx.images-amazon.com/images/I/51uo3D7uyNL.jpg,http://ecx.images-amazon.com/images/I/513PueEfeSL.jpg
12255,B01A921Z5C,http://ecx.images-amazon.com/images/I/51CWf8rXFnL.jpg,http://ecx.images-amazon.com/images/I/51Pas1YijpL.jpg
12261,B0108WUJY6,http://ecx.images-amazon.com/images/I/51eKMptaIrL.jpg,http://ecx.images-amazon.com/images/I/51M2O9tyFjL.jpg
12271,252153173865-2T-Aurora,http://i.ebayimg.com/00/s/Njc5WDQ1OQ==/z/ENIAAOSwniRWNy5J/$_1.JPG?set_id=880000500F,http://i.ebayimg.com/00/s/NzQxWDQ4Mg==/z/aOIAAOSw5VFWNy4s/$_1.JPG?set_id=880000500F
12272,252153173865-2T-Cinderella,http://i.ebayimg.com/00/s/Njc5WDQ1NQ==/z/RUoAAOSwYHxWNy5X/$_1.JPG?set_id=880000500F,http://i.ebayimg.com/00/s/NzQxWDQ4Mg==/z/aOIAAOSw5VFWNy4s/$_1.JPG?set_id=880000500F
12273,252153173865-2T-Ariel,http://i.ebayimg.com/00/s/NzQxWDQ4Mg==/z/H2MAAOSwhcJWNy5k/$_1.JPG?set_id=880000500F,http://i.ebayimg.com/00/s/NzQxWDQ4Mg==/z/aOIAAOSw5VFWNy4s/$_1.JPG?set_id=880000500F
12274,252153173865-3T-Aurora,http://i.ebayimg.com/00/s/Njc5WDQ1OQ==/z/ENIAAOSwniRWNy5J/$_1.JPG?set_id=880000500F,http://i.ebayimg.com/00/s/NzQxWDQ4Mg==/z/aOIAAOSw5VFWNy4s/$_1.JPG?set_id=880000500F
12275,252153173865-3T-Cinderella,http://i.ebayimg.com/00/s/Njc5WDQ1NQ==/z/RUoAAOSwYHxWNy5X/$_1.JPG?set_id=880000500F,http://i.ebayimg.com/00/s/NzQxWDQ4Mg==/z/aOIAAOSw5VFWNy4s/$_1.JPG?set_id=880000500F
12276,252153173865-3T-Ariel,http://i.ebayimg.com/00/s/NzQxWDQ4Mg==/z/H2MAAOSwhcJWNy5k/$_1.JPG?set_id=880000500F,http://i.ebayimg.com/00/s/NzQxWDQ4Mg==/z/aOIAAOSw5VFWNy4s/$_1.JPG?set_id=880000500F
12277,252153173865-4T-Aurora,http://i.ebayimg.com/00/s/Njc5WDQ1OQ==/z/ENIAAOSwniRWNy5J/$_1.JPG?set_id=880000500F,http://i.ebayimg.com/00/s/NzQxWDQ4Mg==/z/aOIAAOSw5VFWNy4s/$_1.JPG?set_id=880000500F
12278,252153173865-4T-Cinderella,http://i.ebayimg.com/00/s/Njc5WDQ1NQ==/z/RUoAAOSwYHxWNy5X/$_1.JPG?set_id=880000500F,http://i.ebayimg.com/00/s/NzQxWDQ4Mg==/z/aOIAAOSw5VFWNy4s/$_1.JPG?set_id=880000500F
12279,252153173865-4T-Ariel,http://i.ebayimg.com/00/s/NzQxWDQ4Mg==/z/H2MAAOSwhcJWNy5k/$_1.JPG?set_id=880000500F,http://i.ebayimg.com/00/s/NzQxWDQ4Mg==/z/aOIAAOSw5VFWNy4s/$_1.JPG?set_id=880000500F
12294,B014CQHNF2,http://ecx.images-amazon.com/images/I/41UzYb9MsYL.jpg,http://ecx.images-amazon.com/images/I/51s-Q%2BZENCL.jpg
12296,B014CQHOEC,http://ecx.images-amazon.com/images/I/41UzYb9MsYL.jpg,http://ecx.images-amazon.com/images/I/51s-Q%2BZENCL.jpg
12297,B014CQHPAA,http://ecx.images-amazon.com/images/I/51s-Q%2BZENCL.jpg,http://ecx.images-amazon.com/images/I/41ccrl5KqSL.jpg
12299,B016812HVE,http://ecx.images-amazon.com/images/I/519rjSu61ML.jpg,http://ecx.images-amazon.com/images/I/513WKtC06mL.jpg
12300,B016812HSM,http://ecx.images-amazon.com/images/I/519rjSu61ML.jpg,http://ecx.images-amazon.com/images/I/513WKtC06mL.jpg
12301,B00XEURPTC,http://ecx.images-amazon.com/images/I/51ZSF2mss7L.jpg,http://ecx.images-amazon.com/images/I/51WpIjU4HBL.jpg
12373,B01DZAF77M,http://ecx.images-amazon.com/images/I/51jZCQsHXkL.jpg,http://ecx.images-amazon.com/images/I/51k4vA5lM7L.jpg
12376,B01DZAF1DW,http://ecx.images-amazon.com/images/I/51jUJAInkwL.jpg,http://ecx.images-amazon.com/images/I/51l56n1dLvL.jpg
12377,B01DZAF3KS,http://ecx.images-amazon.com/images/I/51jUJAInkwL.jpg,http://ecx.images-amazon.com/images/I/51l56n1dLvL.jpg
12378,B01DZAF5G0,http://ecx.images-amazon.com/images/I/51jUJAInkwL.jpg,http://ecx.images-amazon.com/images/I/51l56n1dLvL.jpg
12502,B010NP553S,http://ecx.images-amazon.com/images/I/51ty5zBDOyL.jpg,http://ecx.images-amazon.com/images/I/51M9XZoJNxL.jpg
12513,B010NP553S,http://ecx.images-amazon.com/images/I/51ty5zBDOyL.jpg,http://ecx.images-amazon.com/images/I/51M9XZoJNxL.jpg
12566,B019G2ZM96,http://ecx.images-amazon.com/images/I/518meqjA0cL.jpg,http://ecx.images-amazon.com/images/I/51TOJk4OSsL.jpg
12567,B019G2ZM9Q,http://ecx.images-amazon.com/images/I/518meqjA0cL.jpg,http://ecx.images-amazon.com/images/I/51TOJk4OSsL.jpg
12568,B019G2ZMEQ,http://ecx.images-amazon.com/images/I/518meqjA0cL.jpg,http://ecx.images-amazon.com/images/I/51TOJk4OSsL.jpg
12569,B01CRDHWVM,http://ecx.images-amazon.com/images/I/51uo3D7uyNL.jpg,http://ecx.images-amazon.com/images/I/513WKtC06mL.jpg
12571,B01CRDHX7U,http://ecx.images-amazon.com/images/I/51uo3D7uyNL.jpg,http://ecx.images-amazon.com/images/I/513WKtC06mL.jpg
12585,B016812HWI,http://ecx.images-amazon.com/images/I/519rjSu61ML.jpg,http://ecx.images-amazon.com/images/I/513WKtC06mL.jpg
12586,B016812HVE,http://ecx.images-amazon.com/images/I/519rjSu61ML.jpg,http://ecx.images-amazon.com/images/I/513WKtC06mL.jpg
12587,B016812HSM,http://ecx.images-amazon.com/images/I/519rjSu61ML.jpg,http://ecx.images-amazon.com/images/I/513WKtC06mL.jpg
12588,B01A921Z66,http://ecx.images-amazon.com/images/I/51CWf8rXFnL.jpg,http://ecx.images-amazon.com/images/I/513WKtC06mL.jpg
12589,B01A921Z5C,http://ecx.images-amazon.com/images/I/51CWf8rXFnL.jpg,http://ecx.images-amazon.com/images/I/513WKtC06mL.jpg
12590,B01A921Z4S,http://ecx.images-amazon.com/images/I/51CWf8rXFnL.jpg,http://ecx.images-amazon.com/images/I/513WKtC06mL.jpg
12637,B014GN7T7S,http://ecx.images-amazon.com/images/I/51hOfANgNXL.jpg,http://ecx.images-amazon.com/images/I/513TOUUuBpL.jpg
12722,B019D0AXTK,http://ecx.images-amazon.com/images/I/51hFMuwh6PL.jpg,http://ecx.images-amazon.com/images/I/51c2IovJglL.jpg
12723,B019D0AWIW,http://ecx.images-amazon.com/images/I/51hFMuwh6PL.jpg,http://ecx.images-amazon.com/images/I/51sM87IAfzL.jpg
12724,B019D0AVEW,http://ecx.images-amazon.com/images/I/51hFMuwh6PL.jpg,http://ecx.images-amazon.com/images/I/51c2IovJglL.jpg
12814,B0126JSKBS,http://ecx.images-amazon.com/images/I/41vXNEYaWLL.jpg,http://ecx.images-amazon.com/images/I/41ZW2OP1pZL.jpg
12875,B00ZGEQ40A,http://ecx.images-amazon.com/images/I/51d1ywaFHzL.jpg,http://ecx.images-amazon.com/images/I/51H5Wks6-KL.jpg
12888,B0126JSKBS,http://ecx.images-amazon.com/images/I/41vXNEYaWLL.jpg,http://ecx.images-amazon.com/images/I/41ZW2OP1pZL.jpg
12906,B00XKSVP7Q,http://ecx.images-amazon.com/images/I/41iibRlK4yL.jpg,http://ecx.images-amazon.com/images/I/41HxqbceyVL.jpg
12907,B00XKSVPAI,http://ecx.images-amazon.com/images/I/41FNWXeiRqL.jpg,http://ecx.images-amazon.com/images/I/41HxqbceyVL.jpg
12908,B00XKSW6B0,http://ecx.images-amazon.com/images/I/41FNWXeiRqL.jpg,http://ecx.images-amazon.com/images/I/41HxqbceyVL.jpg
12909,B00XKSW638,http://ecx.images-amazon.com/images/I/41RcYAXlpTL.jpg,http://ecx.images-amazon.com/images/I/41HxqbceyVL.jpg
12911,B00XKSW3GS,http://ecx.images-amazon.com/images/I/41RcYAXlpTL.jpg,http://ecx.images-amazon.com/images/I/41HxqbceyVL.jpg
12949,B01B8COJF0,http://ecx.images-amazon.com/images/I/51Gdlexg-hL.jpg,http://ecx.images-amazon.com/images/I/516JrUAVinL.jpg
12950,B01B8COJB4,http://ecx.images-amazon.com/images/I/51Gdlexg-hL.jpg,http://ecx.images-amazon.com/images/I/516JrUAVinL.jpg
12951,B01B8COJBE,http://ecx.images-amazon.com/images/I/51Gdlexg-hL.jpg,http://ecx.images-amazon.com/images/I/516JrUAVinL.jpg
13034,B01B8D16VO,http://ecx.images-amazon.com/images/I/51LB3JbOI1L.jpg,http://ecx.images-amazon.com/images/I/516JrUAVinL.jpg
13035,B01B8D16WS,http://ecx.images-amazon.com/images/I/51LB3JbOI1L.jpg,http://ecx.images-amazon.com/images/I/516JrUAVinL.jpg
13036,B01B8D17CW,http://ecx.images-amazon.com/images/I/51LB3JbOI1L.jpg,http://ecx.images-amazon.com/images/I/516JrUAVinL.jpg
13037,B01B8DAC3W,http://ecx.images-amazon.com/images/I/51PR9UQfILL.jpg,http://ecx.images-amazon.com/images/I/516JrUAVinL.jpg
13038,B01B8DAC1O,http://ecx.images-amazon.com/images/I/51PR9UQfILL.jpg,http://ecx.images-amazon.com/images/I/516JrUAVinL.jpg
13039,B01B8DAC0U,http://ecx.images-amazon.com/images/I/51PR9UQfILL.jpg,http://ecx.images-amazon.com/images/I/516JrUAVinL.jpg
13040,B01B8DSS1U,http://ecx.images-amazon.com/images/I/513fC3VuYML.jpg,http://ecx.images-amazon.com/images/I/516JrUAVinL.jpg
13041,B01B8DSS2Y,http://ecx.images-amazon.com/images/I/513fC3VuYML.jpg,http://ecx.images-amazon.com/images/I/516JrUAVinL.jpg
13042,B01B8DSSR4,http://ecx.images-amazon.com/images/I/513fC3VuYML.jpg,http://ecx.images-amazon.com/images/I/516JrUAVinL.jpg
